filename,label
1-11-_jpg.rf.35b23d1d21a5d0cd5b1fceae18654f0d.jpg,jpgrfbddadcdbfceaefdjpg
1-11-_jpg.rf.9246afac0999502178042e8e422fe216.jpg,jpgrfafaceefejpg
1-12-_jpg.rf.268175412e1368eb48c4fe858d474586.jpg,jpgrfeebcfedjpg
1-12-_jpg.rf.eefd99011d6159247467a37dff7b334d.jpg,jpgrfeefddadffbdjpg
1-12-_jpg.rf.fda1c80d0e3235f43d9d0b8c06eddbed.jpg,jpgrffdacdefddbceddbedjpg
1-13-_jpg.rf.52d7bec6a924892290796bc16ac29f1f.jpg,jpgrfdbecabcacffjpg
1-13-_jpg.rf.a2efc08b412d04b908ffa5afef72bdaa.jpg,jpgrfaefcbdbffaafefbdaajpg
1-13-_jpg.rf.ae3ba9c891771f87df9955ad9b4613c3.jpg,jpgrfaebacfdfadbcjpg
1-14-_jpg.rf.04378c837a426d2c5dc7183a86b62eee.jpg,jpgrfcadcdcabeeejpg
1-14-_jpg.rf.66cffedc6b2cf644093d18ade34f01c1.jpg,jpgrfcffedcbcfdadefcjpg
1-14-_jpg.rf.dc36f33c6d0c0deb77f754c5adc87a00.jpg,jpgrfdcfcdcdebfcadcajpg
1-15-_jpg.rf.74eed289a945a9dffdf3f831c7d9bf20.jpg,jpgrfeedaadffdffcdbfjpg
1-15-_jpg.rf.c56692854397cc59ef215fbf8cdd6403.jpg,jpgrfccceffbfcddjpg
1-15-_jpg.rf.f3cd31ff0f5554612232825d51e8fb1f.jpg,jpgrffcdfffdefbfjpg
1-16-_jpg.rf.742c50bb53a754aee71e3893793c75dc.jpg,jpgrfcbbaaeeecdcjpg
1-16-_jpg.rf.77d6bb9423537323b12395796081d8a3.jpg,jpgrfdbbbdajpg
1-16-_jpg.rf.a2e9c7c636cfb97adc6d3beef71b706b.jpg,jpgrfaecccfbadcdbeefbbjpg
1-17-_jpg.rf.118d7671be6f79696df56f581cb4d4a6.jpg,jpgrfdbefdffcbdajpg
1-17-_jpg.rf.a3a49f8b60afb90890be5cd9b0cfd95a.jpg,jpgrfaafbafbbecdbcfdajpg
1-17-_jpg.rf.d74baa199ff061f35fdba7fb9d13c98d.jpg,jpgrfdbaaffffdbafbdcdjpg
1-19-_jpg.rf.3f814bb690a3f930aaaca940172b41cb.jpg,jpgrffbbafaaacabcbjpg
1-19-_jpg.rf.814a51ade7fb5ccf52f1e4a753b00d91.jpg,jpgrfaadefbccffeabdjpg
1-19-_jpg.rf.fd24b27bf6c9fca35d8336561139b859.jpg,jpgrffdbbfcfcadbjpg
1-20-_jpg.rf.12678dfa2d00e132b70e2521ec07530b.jpg,jpgrfdfadebeecbjpg
1-20-_jpg.rf.b57a356a4d04254f1fb26322337b730d.jpg,jpgrfbaadffbbdjpg
1-20-_jpg.rf.db1020d4810f10f236f541b5974a1942.jpg,jpgrfdbdfffbajpg
1-21-_jpg.rf.43a51db67e2d330e494642fee4bc84b3.jpg,jpgrfadbedefeebcbjpg
1-21-_jpg.rf.545343e73d453947ab08e9e23edf7a21.jpg,jpgrfedabeeedfajpg
1-21-_jpg.rf.7c20f4fea0e8e00b12ae1aa3737d6b34.jpg,jpgrfcffeaeebaeaadbjpg
1-22-_jpg.rf.1916a9ef2b13859d9cf19dc8815c1bd8.jpg,jpgrfaefbdcfdccbdjpg
1-22-_jpg.rf.981c440327ebbe28ce6adab8b166dfde.jpg,jpgrfcebbeceadabbdfdejpg
1-22-_jpg.rf.9e5dbba8d48eda21ede02761e8cd019f.jpg,jpgrfedbbadedaedeecdfjpg
1-23-_jpg.rf.273a9bcaa10dd153ef9be995e9ec5834.jpg,jpgrfabcaaddefbeeecjpg
1-23-_jpg.rf.a20a53b505e33f17818eeefd6bd749ad.jpg,jpgrfaabefeeefdbdadjpg
1-23-_jpg.rf.d87bac637c3925ec4fde09d7f1726c4d.jpg,jpgrfdbaccecfdedfcdjpg
1-24-_jpg.rf.9f105fbcbf7b9afbe0c26d59a50862e4.jpg,jpgrfffbcbfbafbecdaejpg
1-24-_jpg.rf.f9d7b5e32fc8004d8998b08900daedf7.jpg,jpgrffdbefcdbdaedfjpg
1-24-_jpg.rf.fe327815bdf136c3f836f5de3784b485.jpg,jpgrffebdfcffdebjpg
1-26-_jpg.rf.0ad00696bad69156cb7df3df189a1929.jpg,jpgrfadbadcbdfdfajpg
1-26-_jpg.rf.773351e35a137c171035033d6799cb69.jpg,jpgrfeacdcbjpg
1-26-_jpg.rf.e19ae124a53ac7ba11f2cf55f9b87f20.jpg,jpgrfeaeaacbafcffbfjpg
1-27-_jpg.rf.1889e8a9bd6f2ef18895ad74904d89b1.jpg,jpgrfeabdfefaddbjpg
1-27-_jpg.rf.34b5b756fc5b09b2a229476536077977.jpg,jpgrfbbfcbbajpg
1-27-_jpg.rf.928a5ebfbe979ba5c03c64890c47cf4d.jpg,jpgrfaebfbebaccccfdjpg
1-28-_jpg.rf.0969f37fce7ef80344c565ecfa668f55.jpg,jpgrfffceefcecfafjpg
1-28-_jpg.rf.c1462259ab25cbe73e98b3d35edb94f8.jpg,jpgrfcabcbeebdedbfjpg
1-28-_jpg.rf.f083a39d5466d7fe939ca57e11051cfc.jpg,jpgrffaddfecaecfcjpg
1-29-_jpg.rf.25bb7cb38493545cc5ef7fd96475ce87.jpg,jpgrfbbcbcceffdcejpg
1-29-_jpg.rf.623526d6a60a5b8dd948367aa36f641e.jpg,jpgrfdaabddaafejpg
1-29-_jpg.rf.d4e33ecc67de0bad6a161d5d00c283e2.jpg,jpgrfdeeccdebadaddcejpg
1-3-_jpg.rf.18a1abc544ae8e4f01cac193b9663e19.jpg,jpgrfaabcaeefcacbejpg
1-3-_jpg.rf.2a85556fb60ec3cd8f00bab4e1ed581a.jpg,jpgrfafbeccdfbabeedajpg
1-3-_jpg.rf.f42d44d97af0bc4a07eed2948cefa2c9.jpg,jpgrffddafbcaeedcefacjpg
1-32-_jpg.rf.201196adfba65ebb2acc0da8f275fd8e.jpg,jpgrfadfbaebbaccdaffdejpg
1-32-_jpg.rf.b38188ca28ec0ee04c927ea281ffb5cf.jpg,jpgrfbcaeceeceaffbcfjpg
1-32-_jpg.rf.c3bd001bcf904b10be6e7cff3b86375b.jpg,jpgrfcbdbcfbbeecffbbjpg
1-37-_jpg.rf.0bad5e8417e152f1269811970746952e.jpg,jpgrfbadeefejpg
1-37-_jpg.rf.8a4fbe4ca2d5f4ec9070b0510cd32a43.jpg,jpgrfafbecadfecbcdajpg
1-37-_jpg.rf.cfaff7a6135735fb7ac0de2287ac110e.jpg,jpgrfcfaffafbacdeacejpg
1-39-_jpg.rf.7a979c816ef2436caa33f63157c14290.jpg,jpgrfacefcaafcjpg
1-39-_jpg.rf.c17b43337baaef6c5a66ae4e410a8615.jpg,jpgrfcbbaaefcaaeeajpg
1-39-_jpg.rf.dd56fe2bca5f2bbfc65debd03cf3adaf.jpg,jpgrfddfebcafbbfcdebdcfadafjpg
1-4-_jpg.rf.27d6730d07177190e4afa61194d52db2.jpg,jpgrfddeafaddbjpg
1-4-_jpg.rf.40581ccb034984666159f8eaecb1875d.jpg,jpgrfccbfeaecbdjpg
1-4-_jpg.rf.55c5c2816f10818033417967fa4370da.jpg,jpgrfccffadajpg
1-40-_jpg.rf.0f0cead5c62e2db3c15f38e2b65d3c95.jpg,jpgrffceadcedbcfebdcjpg
1-40-_jpg.rf.3c53aca6a91e61296434ec8f2c3dde6b.jpg,jpgrfcacaaeecfcddebjpg
1-40-_jpg.rf.8a047258cbd8a16b372ecc9515229e03.jpg,jpgrfacbdabeccejpg
1-42-_jpg.rf.286d1d92b016c192858f2560f2beeeb8.jpg,jpgrfddbcffbeeebjpg
1-42-_jpg.rf.2939f7a8a3c7c8aebf31a43fb0c0dd62.jpg,jpgrffaaccaebfafbcddjpg
1-42-_jpg.rf.5ff0fca9780cde511ffaaf84cbdf9413.jpg,jpgrffffcacdeffaafcbdfjpg
1-46-_jpg.rf.24bac44666db8c2872bd897e3258b944.jpg,jpgrfbacdbcbdebjpg
1-46-_jpg.rf.33261b67281c458b96c0f48389d5c1c8.jpg,jpgrfbcbcfdccjpg
1-46-_jpg.rf.c7242d6fb3e0294dd4bdf17c2922a24f.jpg,jpgrfcdfbeddbdfcafjpg
1-47-_jpg.rf.95bd97112325f55c528fe4c7d6b90708.jpg,jpgrfbdfcfecdbjpg
1-47-_jpg.rf.9658e7db675151a2b2b96addda96711e.jpg,jpgrfedbabbadddaejpg
1-47-_jpg.rf.c243021238d7d9a1712492a4fc373fab.jpg,jpgrfcddaafcfabjpg
1-49-_jpg.rf.430cdcd3a47bce6cf23dff382ef403df.jpg,jpgrfcdcdabcecfdffefdfjpg
1-49-_jpg.rf.5705f2e084ed24fb54602566cb892106.jpg,jpgrffeedfbcbjpg
1-49-_jpg.rf.e8a41561954c728729621491fd75c2cf.jpg,jpgrfeacfdccfjpg
1-5-_jpg.rf.5140fe6e206feb7db71341ed8eb34b50.jpg,jpgrffeefebdbedebbjpg
1-5-_jpg.rf.88d17c5fb3127fd6b603a64898186a91.jpg,jpgrfdcfbfdbaajpg
1-5-_jpg.rf.dd5264b73b27a2dd090da2357ec833b7.jpg,jpgrfddbbadddaecbjpg
1-52-_jpg.rf.50b900e72de3551e8d4bdc6cc30038bf.jpg,jpgrfbedeedbdcccbfjpg
1-52-_jpg.rf.722d9f330ec58c07c8259a5fbcc677e0.jpg,jpgrfdfecccafbccejpg
1-52-_jpg.rf.f2076c51c97b6e19e1b0ef51f3c139be.jpg,jpgrffccbeebeffcbejpg
1-53-_jpg.rf.8a7a5fa233fb693f29f176561f620e73.jpg,jpgrfaafafbfffejpg
1-53-_jpg.rf.8c4d82339b4420db9ece1fc3274e2640.jpg,jpgrfcdbdbecefcejpg
1-53-_jpg.rf.ba2413ab5ec9e4fa6d87379287a0810b.jpg,jpgrfbaabecefadabjpg
1-54-_jpg.rf.03812e85a6474d1a665e6817aae3b01f.jpg,jpgrfeadaeaaebfjpg
1-54-_jpg.rf.8c8d03e2bfa408e178ac772bd1c48eb7.jpg,jpgrfcdebfaeacbdcebjpg
1-54-_jpg.rf.8ea9f12bcc1fff5d3fbdc35e71b07688.jpg,jpgrfeafbccfffdfbdcebjpg
1-55-_jpg.rf.06935c81aef0283f6e95d3b45bc72f13.jpg,jpgrfcaeffedbbcfjpg
1-55-_jpg.rf.09536f18295d53822b39558346e509a6.jpg,jpgrffdbeajpg
1-55-_jpg.rf.e1b32a169f6485b8c497d4d6eea82b33.jpg,jpgrfebafbcddeeabjpg
1-56-_jpg.rf.1bf8564a58309495651e90c57667e694.jpg,jpgrfbfaecejpg
1-56-_jpg.rf.78e2288360d80bc77b4dd24a9839a620.jpg,jpgrfedbcbddaajpg
1-56-_jpg.rf.b9c3fd358681f3797e949486481911b8.jpg,jpgrfbcfdfebjpg
1-58-_jpg.rf.63b707467680728c97c6306bc177b951.jpg,jpgrfbccbcbjpg
1-58-_jpg.rf.d128bfce40168cc2f2156dd63900a63f.jpg,jpgrfdbfceccfddafjpg
1-58-_jpg.rf.eaa9b274f402b5f03a9e653a131fb24c.jpg,jpgrfeaabfbfaeafbcjpg
1-59-_jpg.rf.60d841cb09b88a7353fc81692afb1dfe.jpg,jpgrfdcbbafcafbdfejpg
1-59-_jpg.rf.8365b98a6b4b44e323d1822e20d686b6.jpg,jpgrfbabbededbjpg
1-59-_jpg.rf.aa17babfc093117ef013033ade9b3d5b.jpg,jpgrfaababfcefadebdbjpg
1-6-_jpg.rf.2c4faac13482c171b9d03653362ccbf4.jpg,jpgrfcfaaccbdccbfjpg
1-6-_jpg.rf.4037c3fc38b1a30fe87e4e705fe65125.jpg,jpgrfcfcbafeeefejpg
1-6-_jpg.rf.ff84ad182181662b34fa85a8a5fcb6ad.jpg,jpgrfffadbfaaafcbadjpg
1-60-_jpg.rf.2ab6c02b6dbda7c2cdc67a385f004c01.jpg,jpgrfabcbdbdaccdcafcjpg
1-60-_jpg.rf.b85fb90a165414a52e550fd416308e65.jpg,jpgrfbfbaaefdejpg
1-60-_jpg.rf.e60892ef2cd9d97115d6e1cd03a78022.jpg,jpgrfeefcdddecdajpg
1-62-_jpg.rf.2ecc7618c3a946b9b4585a18a49cd92d.jpg,jpgrfecccabbaacddjpg
1-62-_jpg.rf.d22c69c445ea5e91e4f5deeaf11f9ac6.jpg,jpgrfdcceaeefdeeaffacjpg
1-62-_jpg.rf.d668c41aef2bd08ba57f3f3623a303a5.jpg,jpgrfdcaefbdbaffaajpg
1-63-_jpg.rf.455e70b7dcddb8a6af45df1241324557.jpg,jpgrfebdcddbaafdfjpg
1-63-_jpg.rf.a369b9a64b5208f75452a3e1f14873db.jpg,jpgrfababfaefdbjpg
1-63-_jpg.rf.dc07af074660c73fd32785b07d057750.jpg,jpgrfdcafcfdbdjpg
1-64-_jpg.rf.585f7d237330e8fe1d063b4a36367591.jpg,jpgrffdefedbajpg
1-64-_jpg.rf.d59bd52ff570f11a7ab5356c94c0b8c2.jpg,jpgrfdbdfffaabccbcjpg
1-64-_jpg.rf.da8a456ab866c610c961d5cdf004701b.jpg,jpgrfdaaabccdcdfbjpg
1-66-_jpg.rf.0b076d60ebc74070a20f83832087dc0d.jpg,jpgrfbdebcafdcdjpg
1-66-_jpg.rf.8db653a14adc14137975b3cb192256d1.jpg,jpgrfdbaadcbcbdjpg
1-66-_jpg.rf.8f53d73c470b2856cf6473b97357b3be.jpg,jpgrffdcbcfbbbejpg
1-69-_jpg.rf.181a1076e1d251d29540021cd99eb458.jpg,jpgrfaeddcdebjpg
1-69-_jpg.rf.c2280f39f28444d7a857a5619fe981cd.jpg,jpgrfcffdaafecdjpg
1-69-_jpg.rf.e5c54e573e939f347c0ede80a5fba960.jpg,jpgrfeceefcedeafbajpg
1-70-_jpg.rf.3306efc73e0208155f5183488d311263.jpg,jpgrfefcefdjpg
1-70-_jpg.rf.74d0b3db4a0e61bfd6bd00aad1dbb3d9.jpg,jpgrfdbdbaebfdbdaaddbbdjpg
1-70-_jpg.rf.957550a9f071fe9ee02ef6fb9900ab2a.jpg,jpgrfaffeeeeffbabajpg
1-71-_jpg.rf.469537d3ce1528b84f4e526d659cbdc2.jpg,jpgrfdcebfedcbdcjpg
1-71-_jpg.rf.8603c44b1bd289c024e6e6e565601c78.jpg,jpgrfcbbdceeecjpg
1-71-_jpg.rf.fe88fb383b78c3c91e90f5a283bf57ee.jpg,jpgrffefbbccefabfeejpg
1-73-_jpg.rf.0aeb25c7049f27748ffae609df9056bd.jpg,jpgrfaebcfffaedfbdjpg
1-73-_jpg.rf.160608221e16e17dde80a2a36169963b.jpg,jpgrfeeddeaabjpg
1-73-_jpg.rf.9931c095d27de387c2ac59ef95955614.jpg,jpgrfcddecacefjpg
1-74-_jpg.rf.26b3a1e98615fdb392a84aaa390a215e.jpg,jpgrfbaefdbaaaaaejpg
1-74-_jpg.rf.9f251c21025e0dbb4721fb9d52429599.jpg,jpgrffcedbbfbdjpg
1-74-_jpg.rf.e132b491e33cf38cb1576179fb58164e.jpg,jpgrfebecfcbfbejpg
1-75-_jpg.rf.003c261858e4c9b4ea19d6db57440455.jpg,jpgrfcecbeaddbjpg
1-75-_jpg.rf.4a358e1619ca96a3b10c092330d9aceb.jpg,jpgrfaecaabcdacebjpg
1-75-_jpg.rf.506e3aa7947d5b7fccf6c24cf5fb3a6a.jpg,jpgrfeaadbfccfccffbaajpg
1-76-_jpg.rf.556491eb352623d37cdf22ed51ddb334.jpg,jpgrfebdcdfedddbjpg
1-76-_jpg.rf.670a8f620c9a1d6741be6c2167383943.jpg,jpgrfafcadbecjpg
1-76-_jpg.rf.7f5913ce3f108b7b505133eb3db681c4.jpg,jpgrffcefbbebdbcjpg
1-79-_jpg.rf.6dce19ec0f6f254e3c4444899986b56b.jpg,jpgrfdceecffecbbjpg
1-79-_jpg.rf.77ca537ca742663be8f23667ba79df77.jpg,jpgrfcacabefbadfjpg
1-79-_jpg.rf.fe96fe23f000a9ca0f73a213737cd624.jpg,jpgrffefefacafacdjpg
1-8-_jpg.rf.4f0fe513dd5d708df1b7ee975087110b.jpg,jpgrfffeddddfbeebjpg
1-8-_jpg.rf.e724fe3a236dcaf71cdeea7423c23ce0.jpg,jpgrfefeadcafcdeeaccejpg
1-8-_jpg.rf.fbf1bec5b1bd363594893692cae05ebc.jpg,jpgrffbfbecbbdcaeebcjpg
1-81-_jpg.rf.1c1880446fedcbfd6582c41bb0a45b23.jpg,jpgrfcfedcbfdcbbabjpg
1-81-_jpg.rf.6b310248742a5ba274e51562f865a292.jpg,jpgrfbabaefajpg
1-81-_jpg.rf.cd5b494b573f5cb2a9a8eb92490cb8e2.jpg,jpgrfcdbbfcbaaebcbejpg
1-82-_jpg.rf.08608a2f1b1e2e7a583444a2c30b6ed6.jpg,jpgrfafbeeaacbedjpg
1-82-_jpg.rf.9eec522e4263f82f5c7f95d1b0f7cb8a.jpg,jpgrfeeceffcfdbfcbajpg
1-82-_jpg.rf.c5a894d6b5297317a418e0f9932f8241.jpg,jpgrfcadbaeffjpg
1-83-_jpg.rf.11b0ac7a1e4589e27a676f628a3dc16d.jpg,jpgrfbacaeeafadcdjpg
1-83-_jpg.rf.802999b99d9709f07c146eab6acec1a2.jpg,jpgrfbdfceabacecajpg
1-83-_jpg.rf.fa247d7649eed022a9971fd5d1526385.jpg,jpgrffadeedafddjpg
1-84-_jpg.rf.a739e2205444fdb7abca7cf2d2967500.jpg,jpgrfaefdbabcacfdjpg
1-84-_jpg.rf.ae96855352412f1f40d9295edd81c990.jpg,jpgrfaeffdeddcjpg
1-84-_jpg.rf.e419fce2096400cac915778b340dd623.jpg,jpgrfefcecacbddjpg
1-85-_jpg.rf.18cea37aa125a8f2717c6fb6b6b0f6ae.jpg,jpgrfceaaaafcfbbbfaejpg
1-85-_jpg.rf.e179322b64ee0d5a52199bd087f37164.jpg,jpgrfebeedabdfjpg
1-85-_jpg.rf.f543ea520034ce94e144e41307ef89aa.jpg,jpgrffeaceeeefaajpg
1-87-_jpg.rf.99124c52acc73dec1447e4aab2d5f7e3.jpg,jpgrfcaccdeceaabdfejpg
1-87-_jpg.rf.9c39249661cf4718fd3edab174e7be1f.jpg,jpgrfccffdedabebefjpg
1-87-_jpg.rf.b25090bebbc939cd4c079f7a3517c8ff.jpg,jpgrfbbebbccdcfacffjpg
1-88-_jpg.rf.1c0f7e9cfc4a04e81255a8883cd05ba0.jpg,jpgrfcfecfcaeacdbajpg
1-88-_jpg.rf.76b9955d3d04af744973a43207e3dcac.jpg,jpgrfbddafaedcacjpg
1-88-_jpg.rf.ff9c0c2b72cc66f6250ecffd13465eab.jpg,jpgrfffccbccfecffdeabjpg
1-89-_jpg.rf.1ba7c880c38382f34596b1770e17c628.jpg,jpgrfbaccfbecjpg
1-89-_jpg.rf.30243971952f5153186fae728d61e933.jpg,jpgrfffaedejpg
1-89-_jpg.rf.b06961a3b15c88f40b9f4c79c80795dc.jpg,jpgrfbabcfbfccdcjpg
1-9-_jpg.rf.28d7c7e4f9d96f6ff29a627a78e66352.jpg,jpgrfdcefdfffaaejpg
1-9-_jpg.rf.91e2d1d7fac3a9141e2da1c8a6ad6a5c.jpg,jpgrfeddfacaedacaadacjpg
1-9-_jpg.rf.ea655da153d301554d9070b67e7b5659.jpg,jpgrfeadaddbebjpg
1-91-_jpg.rf.57715fd636ae6acbd136004d90ad24f9.jpg,jpgrffdaeacbddadfjpg
1-91-_jpg.rf.577950cbfbbf88bdf07abf68fc49d0ec.jpg,jpgrfcbfbbfbdfabffcdecjpg
1-91-_jpg.rf.db59108219d8ca874b708b244a1a395d.jpg,jpgrfdbdcabbaadjpg
1683268847975_1683268824891_jpg.rf.0b19833ed2081f39a11d16748b3772dd.jpg,jpgrfbedfadbddjpg
1683268847975_1683268824891_jpg.rf.ba4dd89fb76e9dce180911730b6607af.jpg,jpgrfbaddfbedcebafjpg
1683268847975_1683268824891_jpg.rf.ed0fadd6e30c4d814d76f54dcd026136.jpg,jpgrfedfaddecddfdcdjpg
1683268848019_1683268824908_jpg.rf.2f45a9021f7c6db65db33e98f53bc87e.jpg,jpgrffafcdbdbefbcejpg
1683268848019_1683268824908_jpg.rf.b31edcad193b2378f1d8bc47d026529a.jpg,jpgrfbedcadbfdbcdajpg
1683268848019_1683268824908_jpg.rf.fe32b787b25ca870ebfd423e4f77ce25.jpg,jpgrffebbcaebfdefcejpg
1683268848090_1683268824933_jpg.rf.0ad44902957d7b50769e410806898899.jpg,jpgrfaddbejpg
1683268848090_1683268824933_jpg.rf.cb7a1eecc0d293adb23ca77a7814abfe.jpg,jpgrfcbaeeccdadbcaaabfejpg
1683268848131_1683268824947_jpg.rf.1181af90e477b24ec542552c42a4e1bd.jpg,jpgrfafebeccaebdjpg
1683268848131_1683268824947_jpg.rf.cc53136123dcc8d66a0ba5ad4a28fbaf.jpg,jpgrfccdccdabaadafbafjpg
1683268848131_1683268824947_jpg.rf.fabb6c6a7aef85bc2118047df9b290a5.jpg,jpgrffabbcaaefbcdfbajpg
1683268848174_1683268824957_jpg.rf.110843018a1934c186df539777693c5b.jpg,jpgrfacdfcbjpg
1683268848174_1683268824957_jpg.rf.1b4833db29d514a51a9f0a039d8e233c.jpg,jpgrfbdbdaafadecjpg
1683268848174_1683268824957_jpg.rf.1c32ec14df9110702e27eca26d32ac34.jpg,jpgrfcecdfeecadacjpg
1683268848212_1683268824968_jpg.rf.3b8f2b903468eb61bdd0e4e335b59dc0.jpg,jpgrfbfbebbddeebdcjpg
1683268848212_1683268824968_jpg.rf.738fd55664f575e54142d7a49fc9ff3e.jpg,jpgrffdfedafcffejpg
1683268848212_1683268824968_jpg.rf.f929596b8509248d0030ef0aebc2ec87.jpg,jpgrffbdefaebcecjpg
1683268848252_1683268824978_jpg.rf.4c5ee78007b8690e809c40a5a67d1699.jpg,jpgrfceebecaadjpg
1683268848252_1683268824978_jpg.rf.696e48af57369074a1aa11ceae920dda.jpg,jpgrfeafaaaceaeddajpg
1683268848252_1683268824978_jpg.rf.7e3bea2291ee66924ba2b0116e2a7c3c.jpg,jpgrfebeaeebabeaccjpg
1683268848280_1683268824992_jpg.rf.50bca2c3b1f5f7ac07b7acb9ef1217a7.jpg,jpgrfbcacbffacbacbefajpg
1683268848280_1683268824992_jpg.rf.7ece1fda1f82c22e1c0f89a9d423b682.jpg,jpgrfecefdafcecfadbjpg
1683268848280_1683268824992_jpg.rf.bc32048edadc26dfa99976bce23cf21a.jpg,jpgrfbcedadcdfabcecfajpg
1683268848338_1683268825000_jpg.rf.1553de032cf08de470496987455308a1.jpg,jpgrfdecfdeajpg
1683268848338_1683268825000_jpg.rf.9fe9f73435726ba4b55e59ec722a7937.jpg,jpgrffefbabeecajpg
1683268848338_1683268825000_jpg.rf.fa252e37fea4c42a997d15010a819517.jpg,jpgrffaefeacadajpg
1683268848381_1683268825008_jpg.rf.143ffaf4a30370ea438dfd3f5ff6f862.jpg,jpgrfffafaeadfdffffjpg
1683268848381_1683268825008_jpg.rf.8097b82a75b92f5133e5cae092ed01c9.jpg,jpgrfbabfecaeedcjpg
1683268848381_1683268825008_jpg.rf.dc13ab0c9810d749ef7eb832417198e8.jpg,jpgrfdcabcdefebejpg
1683268848421_1683268825016_jpg.rf.222461ac6d080e4e491159d6ead8047e.jpg,jpgrfacdeedeadejpg
1683268848421_1683268825016_jpg.rf.86bb8edca05e19ef033e1b229bebeac9.jpg,jpgrfbbedcaeefebbebeacjpg
1683268848421_1683268825016_jpg.rf.9a9443e5d8665976a2c964a74cc24140.jpg,jpgrfaedacaccjpg
1683268848584_1683268825049_jpg.rf.01cd0dc3d5826e707a7de68631a17c2a.jpg,jpgrfcddcdeadeacajpg
1683268848584_1683268825049_jpg.rf.1df28e80ce9c10be15c9a67638c4d51b.jpg,jpgrfdfececbecacdbjpg
1683268848584_1683268825049_jpg.rf.c000c7dd95d032236068030e50864d73.jpg,jpgrfccdddedjpg
1683268848656_1683268825057_jpg.rf.79f7cc333ff46e4d92da953a9972a438.jpg,jpgrffccffeddaaajpg
1683268848656_1683268825057_jpg.rf.89f0708af6b86ff95f0e9c507a86892f.jpg,jpgrffafbfffecafjpg
1683268848656_1683268825057_jpg.rf.9fd7b8e3bc0c3ffe80d21f80e100f42a.jpg,jpgrffdbebccffedfefajpg
1683268848844_1683268825100_jpg.rf.4ec855e3d4714b7f69c2f951ae08d8ba.jpg,jpgrfecedbfcfaedbajpg
1683268848844_1683268825100_jpg.rf.718cbddecd10e076e3e303c6e30737ee.jpg,jpgrfcbddecdeeeceeejpg
1683268848844_1683268825100_jpg.rf.d6d26fd5da34738f618a42cdd089d75a.jpg,jpgrfddfddafacdddajpg
1683268848876_1683268825112_jpg.rf.099715b7c035b4228967ee3b37cb8274.jpg,jpgrfbcbeebcbjpg
1683268848876_1683268825112_jpg.rf.19fb684e562bcb8b4c46d6f9c8be04c8.jpg,jpgrffbebcbbcdfcbecjpg
1683268848876_1683268825112_jpg.rf.71d4494cc8c356e8624bf90aef3ce37a.jpg,jpgrfdcccebfaefceajpg
1683268848947_1683268825128_jpg.rf.2923bd5bebc95fa2f101a56092eb9943.jpg,jpgrfbdbebcfafaebjpg
1683268848947_1683268825128_jpg.rf.9fe56bcd63a3bbb5ca7c992a7ec4017d.jpg,jpgrffebcdabbbcacaecdjpg
1683268848947_1683268825128_jpg.rf.d4ef0cc8a116dd6489ee78a3c706ad22.jpg,jpgrfdefccaddeeacadjpg
1683268849008_1683268825136_jpg.rf.d3a5f83a700893ed4b91dd2bb772b4b9.jpg,jpgrfdafaedbddbbbbjpg
1683268849008_1683268825136_jpg.rf.dc277f71a0cfcff3856a43efefe60b8c.jpg,jpgrfdcfacfcffaefefebcjpg
1683268849008_1683268825136_jpg.rf.f1beca5508c3b9bf72cc9a94b7455aeb.jpg,jpgrffbecacbbfccabaebjpg
1683268849053_1683268825145_jpg.rf.4de847c692e2969223eb94821f58c05f.jpg,jpgrfdeceebfcfjpg
1683268849053_1683268825145_jpg.rf.f49ba8621e4589e244c533a62fb82a22.jpg,jpgrffbaeecafbajpg
1683268849053_1683268825145_jpg.rf.f91e4b217312734aea1c4ab8f6dbfc07.jpg,jpgrffebaeacabfdbfcjpg
1683268849117_1683268825161_jpg.rf.16e554a006af1b84cf59cb7149822129.jpg,jpgrfeaafbcfcbjpg
1683268849117_1683268825161_jpg.rf.39abef9f7de88e29aaf9ebe7befd6bc1.jpg,jpgrfabeffdeeaafebebefdbcjpg
1683268849117_1683268825161_jpg.rf.605e99a0119bbc2583b8cbdaa382d7a7.jpg,jpgrfeabbcbcbdaadajpg
1683268849233_1683268825178_jpeg.rf.80900fb716b52064df1ca2b926083adc.jpg,jpegrffbbdfcabadcjpg
1683268849233_1683268825178_jpeg.rf.96ff74d832da0920bd059b4d5f230aba.jpg,jpegrfffddabdbdfabajpg
1683268849233_1683268825178_jpeg.rf.ed94128372d44967e0701e4f6f13d6a3.jpg,jpegrfeddeeffdajpg
1683268849267_1683268825185_jpg.rf.6623bcce696569c64dd3d749fdeb2114.jpg,jpgrfbccecdddfdebjpg
1683268849267_1683268825185_jpg.rf.6dc2f40ce2ed00b212c9f2d7c2513770.jpg,jpgrfdcfceedbcfdcjpg
1683268849267_1683268825185_jpg.rf.85d259a33b87054a92672602b80bf28d.jpg,jpgrfdababbfdjpg
1683268849284_1683268825192_jpg.rf.5713683b78e1182e4f61642c31c4e6bd.jpg,jpgrfbeefccebdjpg
1683268849284_1683268825192_jpg.rf.799e8d6bdaf17f923e355119b737ec6a.jpg,jpgrfedbdaffebecajpg
1683268849284_1683268825192_jpg.rf.a20f8f5b0e227012fa5bcbd65fb0a5b0.jpg,jpgrfaffbefabcbdfbabjpg
1683268849393_1683268825207_jpg.rf.6c0d42a011cdbcb6c52c3336617c0e5d.jpg,jpgrfcdacdbcbcccedjpg
1683268849393_1683268825207_jpg.rf.7c1b2ee6e6b467de12b0eefd2f2dd117.jpg,jpgrfcbeeebdebeefdfddjpg
1683268849393_1683268825207_jpg.rf.ee4c5f237596d7f928c58a6c628bf30f.jpg,jpgrfeecfdfcacbffjpg
1683268849434_1683268825216_jpg.rf.4ea5e8271c9e28d714c4435a576a8f34.jpg,jpgrfeaecedcaafjpg
1683268849434_1683268825216_jpg.rf.bac131d47c4e851a6490e5d3b04691f5.jpg,jpgrfbacdceaedbfjpg
1683268849434_1683268825216_jpg.rf.e42e8a7d5e9f7d168cb042f18b150ebc.jpg,jpgrfeeadefdcbfbebcjpg
1683268849489_1683268825226_jpg.rf.0b4f957d34702b40fde8599908592c39.jpg,jpgrfbfdbfdecjpg
1683268849489_1683268825226_jpg.rf.803cf3b0363d8cf6c5e0259f45c463e2.jpg,jpgrfcfbdcfcefcejpg
1683268849489_1683268825226_jpg.rf.a81915b3f154921439f391c845a0f7bc.jpg,jpgrfabffcafbcjpg
1683268849587_1683268825233_jpg.rf.5ad3c4c8be300e584f1e423a4cfc4629.jpg,jpgrfadccbeefeacfcjpg
1683268849587_1683268825233_jpg.rf.662b9b61636aedd4ceab988ca78e3c0f.jpg,jpgrfbbaeddceabcaecfjpg
1683268849587_1683268825233_jpg.rf.ba3a0a050ef7c9a6a903597540e7a60a.jpg,jpgrfbaaaefcaaeaajpg
1683268849617_1683268825242_jpg.rf.2ab84c93489beffa91455581bd50ae6d.jpg,jpgrfabcbeffabdaedjpg
1683268849617_1683268825242_jpg.rf.9bcd81f011f498bcfd7a15eed3a73594.jpg,jpgrfbcdffbcfdaeedajpg
1683268849617_1683268825242_jpg.rf.f35a3e241b0330907c50eab2f41b6534.jpg,jpgrffaebceabfbjpg
1683268849649_1683268825250_jpg.rf.1eef3f9ca88f62ff0381734f44c9a228.jpg,jpgrfeeffcaffffcajpg
1683268849649_1683268825250_jpg.rf.b4230b3a97122f6b08e5e228cc81616d.jpg,jpgrfbbafbeeccdjpg
1683268849649_1683268825250_jpg.rf.ce6f57b8c7c3e02bd067fd03f893898f.jpg,jpgrfcefbccebdfdffjpg
1683268849683_1683268825258_jpg.rf.9fd255fb575c556e71cbb1366aaca683.jpg,jpgrffdfbcecbbaacajpg
1683268849683_1683268825258_jpg.rf.a0d14c1e6253d45b62eb1d051bcd4d4a.jpg,jpgrfadcedbebdbcddajpg
1683268849683_1683268825258_jpg.rf.c316c78a2e58f72a406e8a1411553092.jpg,jpgrfccaefaeajpg
1683268849714_1683268825263_jpg.rf.591fb8ee6ac5ad3b8a1a6e2531f29228.jpg,jpgrffbeeacadbaaefjpg
1683268849714_1683268825263_jpg.rf.9692e5006268824efcf0b892dfe29d47.jpg,jpgrfeefcfbdfedjpg
1683268849714_1683268825263_jpg.rf.ff2b6009795e8f36917eca8e6ef83ee8.jpg,jpgrfffbefecaeefeejpg
IMG20230505110710_jpg.rf.80126905961223be304d1bb3cdaa8d78.jpg,IMGjpgrfbedbbcdaadjpg
IMG20230505110710_jpg.rf.c81b72e0111970159f74b1dc4172bd70.jpg,IMGjpgrfcbefbdcbdjpg
IMG20230505110717_jpg.rf.92cc409687a5a301cb0d32110325a22b.jpg,IMGjpgrfccaacbdabjpg
IMG20230505110717_jpg.rf.a0e3e860f4a197ea823e4489c9a05c0a.jpg,IMGjpgrfaeefaeaecacajpg
IMG20230505110717_jpg.rf.cb84e80352f258091b7aa3f93d603982.jpg,IMGjpgrfcbefbaafdjpg
IMG20230505110725_jpg.rf.00514f175e40bfa17913dcf15e0f6da7.jpg,IMGjpgrffebfadcfefdajpg
IMG20230505110725_jpg.rf.07c41b859b0032250a9500d6e6bb60ed.jpg,IMGjpgrfcbbadebbedjpg
IMG20230505110725_jpg.rf.4b94eb04ebf5b9e65ad742b21516bedd.jpg,IMGjpgrfbebebfbeadbbeddjpg
IMG20230505110737_jpg.rf.0209aa1bd2269deb1fbbadc476f50b3c.jpg,IMGjpgrfaabddebfbbadcfbcjpg
IMG20230505110737_jpg.rf.89b5274002f4d70bee1dfea0dae08d3c.jpg,IMGjpgrfbfdbeedfeadaedcjpg
IMG20230505110737_jpg.rf.f2dede7533bbfe902a2018a29bac9b89.jpg,IMGjpgrffdedebbfeaabacbjpg
IMG20230505110744_jpg.rf.0523b6f3b4210c1dff4a69ad8e699489.jpg,IMGjpgrfbfbcdffaadejpg
IMG20230505110744_jpg.rf.940fea2a37f7005b20103ad61c21ff64.jpg,IMGjpgrffeaafbadcffjpg
IMG20230505110744_jpg.rf.eabe9bb824af8aebf88cd88d79be7061.jpg,IMGjpgrfeabebbafaebfcddbejpg
IMG20230505110757_jpg.rf.8431f6f6b1d9ba5e329ced3a2ee8ef58.jpg,IMGjpgrfffbdbaecedaeeefjpg
IMG20230505110757_jpg.rf.defdb1d11dcf3a47cb83c57c02a6da7e.jpg,IMGjpgrfdefdbddcfacbccadaejpg
IMG20230505110757_jpg.rf.e69ef90b7cccd9c92d5d2062bec5cc3a.jpg,IMGjpgrfeefbcccdcddbecccajpg
IMG20230505110818_jpg.rf.580c36caaf94ebdb0524702ff555943c.jpg,IMGjpgrfccaafebdbffcjpg
IMG20230505110818_jpg.rf.a7936fae5694e99d7d2aa3474c1805d2.jpg,IMGjpgrfafaeeddaacdjpg
IMG20230505110818_jpg.rf.eb23b0dd8394cd9e931301df0b917e77.jpg,IMGjpgrfebbddcdedfbejpg
IMG20230505112450_jpg.rf.02e4cc5b16bafa3b48cf051dda4422ca.jpg,IMGjpgrfeccbbafabcfddacajpg
IMG20230505112450_jpg.rf.309d3234ae2aa60f6b4dd8d47cfa134c.jpg,IMGjpgrfdaeaafbdddcfacjpg
IMG20230505112450_jpg.rf.8a93bc63cd669e38da3d0222fd02dc14.jpg,IMGjpgrfabccdedadfddcjpg
IMG20230505112658_jpg.rf.3421d1c5432d75e13cc6e683ca05dcd1.jpg,IMGjpgrfdcdeccecadcdjpg
IMG20230505112658_jpg.rf.6968a7252884143657def223279c847c.jpg,IMGjpgrfadefccjpg
IMG20230505112658_jpg.rf.c0d146f403c205989da7204487f37ab3.jpg,IMGjpgrfcdfcdafabjpg
IMG20230505113235_jpg.rf.33e081c4f32e50826136feb36bf1a82b.jpg,IMGjpgrfecfefebbfabjpg
IMG20230505113235_jpg.rf.b58b3369cb23c46e480b2efe64515b68.jpg,IMGjpgrfbbcbcebefebjpg
IMG20230505113235_jpg.rf.ec77afeff70ce304f9fcaddd2241c327.jpg,IMGjpgrfecafeffceffcadddcjpg
IMG20230505113240_jpg.rf.2d47ee6ea9ca40904a75ab2009bdce81.jpg,IMGjpgrfdeeeacaaabbdcejpg
IMG20230505113240_jpg.rf.7960dae6180f1356e47afef82cbdbad6.jpg,IMGjpgrfdaefeafefcbdbadjpg
IMG20230505113240_jpg.rf.c26c992f0079401b14412ce0222ecb36.jpg,IMGjpgrfccfbceecbjpg
IMG20230505113246_jpg.rf.56c671cdd4f26f3820c9fe93fcb82939.jpg,IMGjpgrfccddffcfefcbjpg
IMG20230505113246_jpg.rf.6564da0c736aa08024bd9cf06491b3f8.jpg,IMGjpgrfdacaabdcfbfjpg
IMG20230505113246_jpg.rf.ef983473048f45d3517267f1112e4afc.jpg,IMGjpgrfeffdfeafcjpg
IMG20230505113249_jpg.rf.059be592a9cf91967142b1c5e5f9d5b5.jpg,IMGjpgrfbeacfbcefdbjpg
IMG20230505113249_jpg.rf.20995790d79a04559c958257dafd8ee5.jpg,IMGjpgrfdacdafdeejpg
IMG20230505113249_jpg.rf.7e285e922a961bab2765863768e17f21.jpg,IMGjpgrfeeababefjpg
IMG20230505113250_jpg.rf.61be3f0f7328700f7a9606c862c389a7.jpg,IMGjpgrfbefffaccajpg
IMG20230505113250_jpg.rf.8ff98265399a18ebe5ff992ed98e0864.jpg,IMGjpgrfffaebeffedejpg
IMG20230505113250_jpg.rf.ccb76c384299ec315d7fbca3f4d284b9.jpg,IMGjpgrfccbcecdfbcafdbjpg
IMG20230505113258_jpg.rf.0543e2801f2121f31516d064c6e72f04.jpg,IMGjpgrfeffdcefjpg
IMG20230505113258_jpg.rf.54e401d0976d108eab6b5544f3176a3d.jpg,IMGjpgrfeddeabbfadjpg
IMG20230505113258_jpg.rf.a1409e88562096878689db7f07aca7d9.jpg,IMGjpgrfaedbfacadjpg
IMG20230505113301_jpg.rf.2e04963a77db6531132ebc7f089e6e51.jpg,IMGjpgrfeadbebcfeejpg
IMG20230505113301_jpg.rf.6733424d629a4875cd1f54ce78f5066e.jpg,IMGjpgrfdacdfcefejpg
IMG20230505113301_jpg.rf.bd11d8996d1c7099802b8ce1c45d6fad.jpg,IMGjpgrfbdddcbcecdfadjpg
IMG20230505113307_jpg.rf.5dab6065e465efba00b7da3c55f61f2f.jpg,IMGjpgrfdabeefbabdacfffjpg
IMG20230505113307_jpg.rf.e06ff90285b680101c25b6ad8e284af7.jpg,IMGjpgrfeffbcbadeafjpg
IMG20230505113307_jpg.rf.f3fd9ca53ca8bc78c81c585e71faa279.jpg,IMGjpgrfffdcacabcccefaajpg
IMG20230505113311_jpg.rf.9550a0776275b2112c3966b6a67cbad0.jpg,IMGjpgrfabcbacbadjpg
IMG20230505113311_jpg.rf.dbcf07977b95e5748c8c04bb0234e91b.jpg,IMGjpgrfdbcfbeccbbebjpg
IMG20230505113311_jpg.rf.e9bee64a3f630bab4d990dccb49aee83.jpg,IMGjpgrfebeeafbabddccbaeejpg
IMG20230505113314_jpg.rf.3bad5b28374d436356f1d4abebbb4672.jpg,IMGjpgrfbadbdfdabebbbjpg
IMG20230505113314_jpg.rf.42fcb404048b196842dc7b17cd16a903.jpg,IMGjpgrffcbbdcbcdajpg
IMG20230505113314_jpg.rf.c85c6f2e4dba822321851f7fd13ada0b.jpg,IMGjpgrfccfedbaffdadabjpg
IMG20230505113321_jpg.rf.24e5f7411b7d9d0f2ee51298a643b1ab.jpg,IMGjpgrfefbddfeeababjpg
IMG20230505113321_jpg.rf.c36c3db29c0a3507f26786105865b31e.jpg,IMGjpgrfccdbcafbejpg
IMG20230505113321_jpg.rf.fd81317cf1a7d15c64f5d5959fd4a913.jpg,IMGjpgrffdcfadcfdfdajpg
IMG20230505113335_jpg.rf.0927f70540e8fb20e3ea0468a10a107f.jpg,IMGjpgrffefbeeaaafjpg
IMG20230505113335_jpg.rf.26a4e38e7b190f6f5df0c1bd508b7670.jpg,IMGjpgrfaeebffdfcbdbjpg
IMG20230505113335_jpg.rf.d949f075f3fd7d6d9ed145616b435d3d.jpg,IMGjpgrfdfffdddedbddjpg
IMG20230505113337_jpg.rf.2ef5fa0eec7dbd9dd144f0957c9fc725.jpg,IMGjpgrfeffaeecdbdddfcfcjpg
IMG20230505113337_jpg.rf.3046181d0a349916871ec622df77aeb5.jpg,IMGjpgrfdaecdfaebjpg
IMG20230505113337_jpg.rf.8fdf5a1b6494f1d86d541174cd0b86d6.jpg,IMGjpgrffdfabfddcdbdjpg
IMG20230505113339_jpg.rf.004e939c55c9da972aae1847d904316d.jpg,IMGjpgrfeccdaaaeddjpg
IMG20230505113339_jpg.rf.ac66c323544ef4d3ee67a23744f48a1a.jpg,IMGjpgrfaccefdeeafaajpg
IMG20230505113339_jpg.rf.f1a171de790c4a055a2d58733f98b6f2.jpg,IMGjpgrffadecaadfbfjpg
IMG20230505113347_jpg.rf.27c781713d75b7345828879784ff2192.jpg,IMGjpgrfcdbffjpg
IMG20230505113347_jpg.rf.36b80d815a43df531e5348447fa7619a.jpg,IMGjpgrfbdadfefaajpg
IMG20230505113347_jpg.rf.af40a633150bb645e733847a592f92ec.jpg,IMGjpgrfafabbeafecjpg
IMG20230505113403_jpg.rf.49b6cca9691728ca6e11a4a05795d493.jpg,IMGjpgrfbccacaeaadjpg
IMG20230505113403_jpg.rf.6678d7d76ed26eaf954433d06daddac9.jpg,IMGjpgrfddedeafddaddacjpg
IMG20230505113403_jpg.rf.dc3fab18c46f782119b73f227fd96be2.jpg,IMGjpgrfdcfabcfbffdbejpg
IMG20230505113404_jpg.rf.683ceebe0ef9d0bf5ee682d26f3b90bf.jpg,IMGjpgrfceebeefdbfeedfbbfjpg
IMG20230505113404_jpg.rf.b24a5894269e62deb3e44253dec24078.jpg,IMGjpgrfbaedebedecjpg
IMG20230505113404_jpg.rf.c927bca17075843eb399d827dbacd8bc.jpg,IMGjpgrfcbcaebddbacdbcjpg
IMG20230505113434_jpg.rf.c616eef9a8a19bb6a5e4a14e2e1b02a3.jpg,IMGjpgrfceefaabbaeaeebajpg
IMG20230505113434_jpg.rf.f8b9a1f62706dc0007c08f3331d40d1b.jpg,IMGjpgrffbafdccfddbjpg
IMG20230505113434_jpg.rf.fa493cd811a8dbb11fa4a8c2779c219a.jpg,IMGjpgrffacdadbbfaaccajpg
IMG20230505113443_jpg.rf.71ee97d964b94b7c6b919ca4b1cd4144.jpg,IMGjpgrfeedbbcbcabcdjpg
IMG20230505113443_jpg.rf.93d9e430cc304c8e82fe2fa2b42d9f63.jpg,IMGjpgrfdecccefefabdfjpg
IMG20230505113443_jpg.rf.9f704f86943dc475d571837297d49181.jpg,IMGjpgrfffdcddjpg
IMG20230505113456_jpg.rf.2e10f2f7131ffae94ac979fb49ff91c5.jpg,IMGjpgrfeffffaeacfbffcjpg
IMG20230505113456_jpg.rf.5278b85d1e3b0494464937d793ce186b.jpg,IMGjpgrfbdebdcebjpg
IMG20230505113456_jpg.rf.5d9be183056db987ee81a10a470ca5b3.jpg,IMGjpgrfdbedbeeaacabjpg
IMG20230505113500_jpg.rf.2246336a31d59e0e34efeeca51e2c215.jpg,IMGjpgrfadeeefeecaecjpg
IMG20230505113500_jpg.rf.f13b784488bc2e9740677982c21dcbdf.jpg,IMGjpgrffbbcecdcbdfjpg
IMG20230505113500_jpg.rf.fe1d64595d1252a37c282f4dd1714494.jpg,IMGjpgrffeddacfddjpg
IMG20230505113502_jpg.rf.1c74f57f8a9f0ab74399ca901fa5f319.jpg,IMGjpgrfcffafabcafafjpg
IMG20230505113502_jpg.rf.3aff859648545f432606bd5306f5d0a5.jpg,IMGjpgrfafffbdfdajpg
IMG20230505113502_jpg.rf.878eb7bb9e39c495bd89153ed38fd4d1.jpg,IMGjpgrfebbbecbdedfddjpg
IMG20230505113505_jpg.rf.810d5242037e46f4c470b3cab4a57412.jpg,IMGjpgrfdefcbcabajpg
IMG20230505113505_jpg.rf.865416da15b514a16a769298de4f61a0.jpg,IMGjpgrfdabaadefajpg
IMG20230505113505_jpg.rf.b6b3d12c0e0f0bdb9291df96f08144c7.jpg,IMGjpgrfbbdcefbdbdffcjpg
IMG20230505113508_jpg.rf.3ab0c27db74a3046f5491086b17cd6a1.jpg,IMGjpgrfabcdbafbcdajpg
IMG20230505113508_jpg.rf.3e492af0d79fd14b13234c0456e2a4dd.jpg,IMGjpgrfeafdfdbceaddjpg
IMG20230505113508_jpg.rf.5bd627fb1f910b661cbd1e3e02ef973f.jpg,IMGjpgrfbdfbfbcbdeeeffjpg
IMG20230505113538_jpg.rf.492d84c79cd0545c9d1e7df114a92f3a.jpg,IMGjpgrfdccdcdedfafajpg
IMG20230505113538_jpg.rf.98ef4f91c06fae749a1ebdb6e723ae8a.jpg,IMGjpgrfeffcfaeaebdbeaeajpg
IMG20230505113538_jpg.rf.c28e1a4bf6c7df081f55f0135ecd2199.jpg,IMGjpgrfceabfcdfffecdjpg
IMG20230505113540_jpg.rf.02aec882f10376bedf0553f40c31c1c6.jpg,IMGjpgrfaecfbedffcccjpg
IMG20230505113540_jpg.rf.a459ed91c3925c540becae818733ed53.jpg,IMGjpgrfaedccbecaeedjpg
IMG20230505113540_jpg.rf.cbf9e95d8f04c3fd4fd321fb214a7110.jpg,IMGjpgrfcbfedfcfdfdfbajpg
IMG20230505113957_jpg.rf.65e3e8e783839e16378dbb0a649ad4fe.jpg,IMGjpgrfeeeedbbaadfejpg
IMG20230505113957_jpg.rf.e08d8765393cad818bacee2616a14ba1.jpg,IMGjpgrfedcadbaceeabajpg
IMG20230505113957_jpg.rf.f8b1157058c7f22ff845abaf871fe011.jpg,IMGjpgrffbcfffabaffejpg
IMG20230505114002_jpg.rf.102c960059c5423710d1d3d4b07c61c7.jpg,IMGjpgrfccdddbccjpg
IMG20230505114002_jpg.rf.66978bd431bca3ce950b06c356a88abf.jpg,IMGjpgrfbdbcacebcaabfjpg
IMG20230505114002_jpg.rf.f60494ce4da4b8d71d3c223a18e7b05b.jpg,IMGjpgrffcedabddcaebbjpg
IMG20230505114003_jpg.rf.4db6b42caf5f8f0180fd8bce1d653428.jpg,IMGjpgrfdbbcaffffdbcedjpg
IMG20230505114003_jpg.rf.ae2a065fc026e8c9e499ff5f5d108c2c.jpg,IMGjpgrfaeafcecefffdccjpg
IMG20230505114003_jpg.rf.ea8be01dbade5ff37909a189d38bd645.jpg,IMGjpgrfeabedbadeffadbdjpg
IMG20230505114006_01_jpg.rf.2e02ec0c5cf01a3a7b4736c7f7702d2e.jpg,IMGjpgrfeecccfaabcfdejpg
IMG20230505114006_01_jpg.rf.37f79167ceb21e0f45e43af32990070f.jpg,IMGjpgrffcebefeaffjpg
IMG20230505114006_01_jpg.rf.903eb2cb8c0d11f5e5b9c340b17cf7ca.jpg,IMGjpgrfebcbcdfebcbcfcajpg
IMG20230505114006_jpg.rf.481ac21efcc34e8e1e207113a46dc28d.jpg,IMGjpgrfacefcceeeadcdjpg
IMG20230505114006_jpg.rf.5f7d06fe8cf4e345ae2f73439ceedb1c.jpg,IMGjpgrffdfecfeaefceedbcjpg
IMG20230505114006_jpg.rf.93e8a4553a4bf34f15117c9b575d9c7e.jpg,IMGjpgrfeaabffcbdcejpg
IMG20230505114010_jpg.rf.465770bf60f3f851acb08421d1b963af.jpg,IMGjpgrfbfffacbdbafjpg
IMG20230505114010_jpg.rf.a53bdca4f48c72480a70b463ab053200.jpg,IMGjpgrfabdcafcababjpg
IMG20230505114010_jpg.rf.ef988fc33c95b2d59206103d138598b0.jpg,IMGjpgrfeffccbddbjpg
IMG20230505114014_jpg.rf.552ac30ad4f9b47a263b00e520e74e3d.jpg,IMGjpgrfacadfbabeeedjpg
IMG20230505114014_jpg.rf.77a2eb25bae3d45697ff032b09b8879e.jpg,IMGjpgrfaebbaedffbbejpg
IMG20230505114014_jpg.rf.a75311cbca62d3936ec46f1d5a7a8444.jpg,IMGjpgrfacbcadecfdaajpg
IMG20230505114019_jpg.rf.b0f4a9a329ed75100b89fc2295afdedb.jpg,IMGjpgrfbfaaedbfcafdedbjpg
IMG20230505114019_jpg.rf.dded0ef4648f3309989e3a9cf13c64e7.jpg,IMGjpgrfddedeffeacfcejpg
IMG20230505114019_jpg.rf.de5c91fd81ecfc29e4dc6890472c1d08.jpg,IMGjpgrfdecfdecfcedccdjpg
IMG20230505114022_jpg.rf.74d7df127a8844626c990c12540bb17b.jpg,IMGjpgrfddfaccbbbjpg
IMG20230505114022_jpg.rf.7ba7927465b923b1944f6f4c255ceafd.jpg,IMGjpgrfbabbffcceafdjpg
IMG20230505114022_jpg.rf.85e6c29fb2852c9ca04af35c79be82f7.jpg,IMGjpgrfecfbccaafcbefjpg
IMG20230505114028_jpg.rf.75f21ae314c9c942e6cdccdd85ca271a.jpg,IMGjpgrffaeccecdccddcaajpg
IMG20230505114028_jpg.rf.7f3bf69ff49e842e1b4d4b41a8827339.jpg,IMGjpgrffbfffeebdbajpg
IMG20230505114028_jpg.rf.a7526e2fab8d509d5bddda780640dd33.jpg,IMGjpgrfaefabddbdddaddjpg
IMG20230505114031_jpg.rf.0f396b3b888530734feea121dfca82e3.jpg,IMGjpgrffbbfeeadfcaejpg
IMG20230505114031_jpg.rf.53a53de2601030a1a5ee9d73b9c6b962.jpg,IMGjpgrfadeaaeedbcbjpg
IMG20230505114031_jpg.rf.fb2fd5f544b0a79aed47ab7f9d0fd9e2.jpg,IMGjpgrffbfdfbaaedabfdfdejpg
IMG20230505114033_jpg.rf.b28813549955dcd0519c4641e7059fc2.jpg,IMGjpgrfbdcdcefcjpg
IMG20230505114033_jpg.rf.c1ede1f43523bc0fbfbcb8e074689483.jpg,IMGjpgrfcedefbcfbfbcbejpg
IMG20230505114033_jpg.rf.ddbbf288afd054c4419237d909d11499.jpg,IMGjpgrfddbbfafdcddjpg
IMG20230505114037_jpg.rf.0717798ffcfbb91a107feaaf76b44640.jpg,IMGjpgrfffcfbbafeaafbjpg
IMG20230505114037_jpg.rf.7547c81aed3f652f8fb5d7f3257709a0.jpg,IMGjpgrfcaedfffbdfajpg
IMG20230505114037_jpg.rf.d7cb0840472164505a19c9864ed34fac.jpg,IMGjpgrfdcbacedfacjpg
IMG20230505114038_jpg.rf.1f14c1c8a3a8711d2ad044c74976f421.jpg,IMGjpgrffccaadadcfjpg
IMG20230505114038_jpg.rf.4ed4812af49e9fd6446dfc223dedd4e0.jpg,IMGjpgrfedafefddfcdeddejpg
IMG20230505114038_jpg.rf.672b0df7171c3750c329407b041ad567.jpg,IMGjpgrfbdfccbadjpg
IMG20230505114042_jpg.rf.0c8cbf7359a64ee1cc8a02e73a75c415.jpg,IMGjpgrfccbfaeeccaeacjpg
IMG20230505114042_jpg.rf.3f868c7995eade7eb39f5124f857f769.jpg,IMGjpgrffceadeebfffjpg
IMG20230505114042_jpg.rf.8cc47a0e29938495641565a578160c62.jpg,IMGjpgrfccaeacjpg
IMG20230505114046_jpg.rf.39ea81f2daa8be3aa50fff2d3a4bd52a.jpg,IMGjpgrfeafdaabeaafffdabdajpg
IMG20230505114046_jpg.rf.690cb77877fa61c608baaec9e14dedd2.jpg,IMGjpgrfcbfacbaaecededdjpg
IMG20230505114046_jpg.rf.903c8fb1521ef55deb15f2cebd57cb24.jpg,IMGjpgrfcfbefdebfcebdcbjpg
IMG20230505114058_jpg.rf.6605b4da4d892079b89f12db5747903e.jpg,IMGjpgrfbdadbfdbejpg
IMG20230505114058_jpg.rf.ac6b97e282946e2485cbcbe90d83af42.jpg,IMGjpgrfacbeecbcbedafjpg
IMG20230505114058_jpg.rf.c72b7e62a83324d943b15ca79bcb41a4.jpg,IMGjpgrfcbeadbcabcbajpg
IMG20230505114104_jpg.rf.de340b18a6b0b620ab63f9561082a2a3.jpg,IMGjpgrfdebabbabfaajpg
IMG20230505114104_jpg.rf.f3442398cdeafe71c138854dfbdb5bc1.jpg,IMGjpgrffcdeafecdfbdbbcjpg
IMG20230505114104_jpg.rf.f6929f6e089ce11b35734676965f0f5f.jpg,IMGjpgrfffecebfffjpg
IMG20230505114105_jpg.rf.1cfb99ee8db32f34c0fdc95fe396682b.jpg,IMGjpgrfcfbeedbfcfdcfebjpg
IMG20230505114105_jpg.rf.eb3947b6c1679e195f0499e9de0facc3.jpg,IMGjpgrfebbcefedefaccjpg
IMG20230505114105_jpg.rf.f8d96d0f5752394b5dfc9edb93dcb94e.jpg,IMGjpgrffddfbdfcedbdcbejpg
IMG20230505114106_jpg.rf.7f99cf3f072b60947050cd0c08309686.jpg,IMGjpgrffcffbcdcjpg
IMG20230505114106_jpg.rf.bfebf1a3003dea26c74245009ac6d9ad.jpg,IMGjpgrfbfebfadeacacdadjpg
IMG20230505114106_jpg.rf.fc58cf311a40027dc0b27b69a95f5f5e.jpg,IMGjpgrffccfadcbbaffejpg
IMG20230505114109_jpg.rf.0a5948697db93c06da37f32deee2fb83.jpg,IMGjpgrfadbcdafdeeefbjpg
IMG20230505114109_jpg.rf.7013730409b1056f78deee2635755cc0.jpg,IMGjpgrfbfdeeeccjpg
IMG20230505114109_jpg.rf.b9e467a234a18f720f8b84ba326ba1b7.jpg,IMGjpgrfbeaaffbbababjpg
IMG20230505114124_jpg.rf.028fde97a16152dc1f00c8cfd154e39d.jpg,IMGjpgrffdeadcfccfdedjpg
IMG20230505114124_jpg.rf.ae06faa5c40d7a115c4c6614c4a25858.jpg,IMGjpgrfaefaacdacccajpg
IMG20230505114124_jpg.rf.b5b85bd65c3358d982166b3b3ec3bf26.jpg,IMGjpgrfbbbdcdbbecbfjpg
IMG20230505114130_jpg.rf.3a3420cb2c2bad2ae1916ebb25a6a318.jpg,IMGjpgrfacbcbadaeebbaajpg
IMG20230505114130_jpg.rf.798547ae69d2e99dc5365e8f7d434cd4.jpg,IMGjpgrfaededcefdcdjpg
IMG20230505114130_jpg.rf.e69c4594b508c68f7066346c1fa81796.jpg,IMGjpgrfecbcfcfajpg
IMG20230505114132_jpg.rf.70505caab2dd4076a0b20f1ea9ff60c8.jpg,IMGjpgrfcaabddabfeaffcjpg
IMG20230505114132_jpg.rf.abd0688c8921d1c08d73061c7e3e7b1c.jpg,IMGjpgrfabdcdcdceebcjpg
IMG20230505114132_jpg.rf.d35d946310eccab9b17d0ccff4778f58.jpg,IMGjpgrfddeccabbdccfffjpg
IMG20230505114143_jpg.rf.05e27d340542fa107387616f3444aa83.jpg,IMGjpgrfedfafaajpg
IMG20230505114143_jpg.rf.77a8e310ee6e4d0870c23810c9966dc1.jpg,IMGjpgrfaeeeedccdcjpg
IMG20230505114143_jpg.rf.88af033f39c5cfb5c9deaf3d36342640.jpg,IMGjpgrfaffccfbcdeafdjpg
IMG20230505114144_jpg.rf.49112e77a5e906a8aa6856210fbe14e8.jpg,IMGjpgrfeaeaaafbeejpg
IMG20230505114144_jpg.rf.823de195867f80d6f3741ee367ecfcac.jpg,IMGjpgrfdefdfeeecfcacjpg
IMG20230505114144_jpg.rf.f724fa32c8d3a4143c0127464fcf3e0d.jpg,IMGjpgrfffacdacfcfedjpg
IMG20230505114146_jpg.rf.707a8920c4f1d7e423fc6c6043d62b40.jpg,IMGjpgrfacfdefccdbjpg
IMG20230505114146_jpg.rf.aedca4ddaa540027dc0d8811daebcc92.jpg,IMGjpgrfaedcaddaadcddaebccjpg
IMG20230505114146_jpg.rf.ced9c4662666d88b781759629d1e3d09.jpg,IMGjpgrfcedcdbdedjpg
IMG20230505114148_jpg.rf.9a69667701447852735a9c782f58288e.jpg,IMGjpgrfaacfejpg
IMG20230505114148_jpg.rf.df3039a131e4d3ca0db387cb21473bfd.jpg,IMGjpgrfdfaedcadbcbbfdjpg
IMG20230505114148_jpg.rf.f6af94901cb43d26eb0ddb2ffd2929a2.jpg,IMGjpgrffafcbdebddbffdajpg
IMG20230505114150_jpg.rf.42955330db338a8bab2dece60a892862.jpg,IMGjpgrfdbababdeceajpg
IMG20230505114150_jpg.rf.75182a86eddcaeb322127b18eb591eca.jpg,IMGjpgrfaeddcaebbebecajpg
IMG20230505114150_jpg.rf.b2db10f67e79d47b8c2ab14417b8f0e2.jpg,IMGjpgrfbdbfedbcabbfejpg
IMG20230505114158_jpg.rf.4234921334e2d299c9b9a8952ab894fc.jpg,IMGjpgrfedcbaabfcjpg
IMG20230505114158_jpg.rf.7bc99939d7e4e4302869594aa4a62b06.jpg,IMGjpgrfbcdeeaaabjpg
IMG20230505114158_jpg.rf.cbb8ec8e4f4696454e7726158923ff4a.jpg,IMGjpgrfcbbecefeffajpg
IMG20230505114205_jpg.rf.3416c92ed5883ad9d0f4632ab469ba0e.jpg,IMGjpgrfcedaddfabbaejpg
IMG20230505114205_jpg.rf.e1a7d3074667d7f2fdf52f6766380608.jpg,IMGjpgrfeaddffdffjpg
IMG20230505114205_jpg.rf.e29ad81e49de40be508a744da8ad49b9.jpg,IMGjpgrfeadedebeadaadbjpg
IMG20230505114206_jpg.rf.0187bf7daa075c5bd438705b758531a0.jpg,IMGjpgrfbfdaacbdbajpg
IMG20230505114206_jpg.rf.898788bfe49e718e09074ef383154b04.jpg,IMGjpgrfbfeeeefbjpg
IMG20230505114206_jpg.rf.e8b7e8e0658a1b2ac4b0e16bb101cc01.jpg,IMGjpgrfebeeabacbebbccjpg
IMG20230505114209_jpg.rf.1eab7874d37c9c1c7154a28b493096a7.jpg,IMGjpgrfeabdcccabajpg
IMG20230505114209_jpg.rf.739c1ed679f9f7e495274a37b8a55a44.jpg,IMGjpgrfcedffeabaajpg
IMG20230505114209_jpg.rf.b1b017bff558cafe6a8618d7a1f6028c.jpg,IMGjpgrfbbbffcafeadafcjpg
IMG20230505114212_jpg.rf.69c7dd9b786954cd5d3582ddc424ae41.jpg,IMGjpgrfcddbcddddcaejpg
IMG20230505114212_jpg.rf.a68402ff16a2890b25d4e6a52b97c1c3.jpg,IMGjpgrfaffabdeabccjpg
IMG20230505114212_jpg.rf.fd3ab020ffae628544ec0cc703b083a7.jpg,IMGjpgrffdabffaeecccbajpg
IMG20230505114215_jpg.rf.03490589216d7b1e6b2230c386214725.jpg,IMGjpgrfdbebcjpg
IMG20230505114215_jpg.rf.951cf473a761ca77704acb9992a13732.jpg,IMGjpgrfcfacaacbajpg
IMG20230505114215_jpg.rf.c4c781d07fdb64d5b41fbf3c9236e108.jpg,IMGjpgrfccdfdbdbfbfcejpg
IMG20230505114220_jpg.rf.4c0cd06fc365373174a7653e3bdb7229.jpg,IMGjpgrfccdfcaebdbjpg
IMG20230505114220_jpg.rf.596e198c4ca43092fd0a89d1a57418f2.jpg,IMGjpgrfeccafdadafjpg
IMG20230505114223_jpg.rf.10014fdbf07d86f7d005a4ad8eeca8c1.jpg,IMGjpgrffdbfdfdaadeecacjpg
IMG20230505114223_jpg.rf.14b943cf4b1bc5c8b6fdd1e8b5e61a20.jpg,IMGjpgrfbcfbbccbfddebeajpg
IMG20230505114223_jpg.rf.a1931ae0f1a2d6068965efedc8e37274.jpg,IMGjpgrfaaefadefedcejpg
IMG20230505114229_jpg.rf.1205dca29c406788732c4546f7f0525d.jpg,IMGjpgrfdcaccffdjpg
IMG20230505114229_jpg.rf.47193bb36c178516f405e30aa39bb950.jpg,IMGjpgrfbbcfeaabbjpg
IMG20230505114229_jpg.rf.8f7b9cfcf45301dcec3c86f47640ad7d.jpg,IMGjpgrffbcfcfdceccfaddjpg
IMG20230505114246_jpg.rf.7e4353c9e0d70283061aa1df489cc771.jpg,IMGjpgrfecedaadfccjpg
IMG20230505114246_jpg.rf.d246be01c500ba393667dd2fa0d1bfa3.jpg,IMGjpgrfdbecbaddfadbfajpg
IMG20230505114246_jpg.rf.ea5ed05b3cfabadbf28b95c01f472fb4.jpg,IMGjpgrfeaedbcfabadbfbcffbjpg
IMG20230505114249_jpg.rf.7b1269f73e5bd2d9c05e6e87c2587baf.jpg,IMGjpgrfbfebddceecbafjpg
IMG20230505114249_jpg.rf.c10b8889e23d29d2c351a600eefee31a.jpg,IMGjpgrfcbeddcaeefeeajpg
IMG20230505114249_jpg.rf.f1fa06e7f5c2b64153eb0ee6c1b6f7b8.jpg,IMGjpgrfffaefcbebeecbfbjpg
IMG20230505114259_jpg.rf.1bf725f539b8cabfed1425f48bb0d3ab.jpg,IMGjpgrfbffbcabfedfbbdabjpg
IMG20230505114259_jpg.rf.36675e4a93c50f188913b1c0f6b6a904.jpg,IMGjpgrfeacfbcfbajpg
IMG20230505114259_jpg.rf.d729cedf692d907d1af6920b5d8ff654.jpg,IMGjpgrfdcedfddafbdffjpg
IMG20230505114312_jpg.rf.1a57d34bc20da1ea0377af7d5baecb8c.jpg,IMGjpgrfadbcdaeaafdbaecbcjpg
IMG20230505114312_jpg.rf.81d24cd4ff57c6a10fa66db7f84e3047.jpg,IMGjpgrfdcdffcafadbfejpg
IMG20230505114312_jpg.rf.900ad39db408d0077cb179f4c005ec38.jpg,IMGjpgrfaddbdcbfcecjpg
IMG20230505114319_jpg.rf.20ca1cb0d58e53e14d6d040c3c986a2e.jpg,IMGjpgrfcacbdeeddccaejpg
IMG20230505114319_jpg.rf.217bb1394592ab8dcf1e9f0c1e72aaf9.jpg,IMGjpgrfbbabdcfefceaafjpg
IMG20230505114319_jpg.rf.d066c9a408a13bb4e984c06b8ce4bfee.jpg,IMGjpgrfdcaabbecbcebfeejpg
IMG20230505114324_jpg.rf.92bba0c896874522e569c53687f68bda.jpg,IMGjpgrfbbacecfbdajpg
IMG20230505114324_jpg.rf.d438a16deaba0aaa6699cb264c90b600.jpg,IMGjpgrfdadeabaaaacbcbjpg
IMG20230505114340_jpg.rf.004b9f3b10cd09d12e3a28917c240d40.jpg,IMGjpgrfbfbcddeacdjpg
IMG20230505114340_jpg.rf.37e9d1b514823b4577a490bfa7c01dba.jpg,IMGjpgrfedbbabfacdbajpg
IMG20230505114340_jpg.rf.98f13d3b9763e1ed379aaa864ae74ff5.jpg,IMGjpgrffdbeedaaaaeffjpg
IMG20230505114341_jpg.rf.6e7c3d13ec1a0b5f6e5480edda8c8a4c.jpg,IMGjpgrfecdecabfeeddacacjpg
IMG20230505114341_jpg.rf.90a62f62cbf8a72620441c1190ac3016.jpg,IMGjpgrfafcbfacacjpg
IMG20230505114341_jpg.rf.de7db1cbcf343c43b4166d989f023b00.jpg,IMGjpgrfdedbcbcfcbdfbjpg
IMG20230505114346_jpg.rf.7db4fee7b3acba3030d7b9949cd82c24.jpg,IMGjpgrfdbfeebacbadbcdcjpg
IMG20230505114346_jpg.rf.d46f01557067e7d06ddb0ea7ef730993.jpg,IMGjpgrfdfedddbeaefjpg
IMG20230505114346_jpg.rf.dcd8fd561da7b0ea51454ad8f7bb747c.jpg,IMGjpgrfdcdfddabeaadfbbcjpg
IMG20230505114348_01_jpg.rf.38bfe3e56c50ace277aad6b3cbcfbd82.jpg,IMGjpgrfbfeecaceaadbcbcfbdjpg
IMG20230505114348_01_jpg.rf.6096aefee59eab7a4633b573f9aa4072.jpg,IMGjpgrfaefeeeababfaajpg
IMG20230505114348_01_jpg.rf.c4d8cfebfa23ccfe5b9d37e033cf945b.jpg,IMGjpgrfcdcfebfaccfebdecfbjpg
IMG20230505114348_jpg.rf.213673852afd7ccffb8cb1d7ea1de637.jpg,IMGjpgrfafdccffbcbdeadejpg
IMG20230505114348_jpg.rf.5cdd448b4206d465ebf64534e81c50f8.jpg,IMGjpgrfcddbdebfecfjpg
IMG20230505114348_jpg.rf.afa0d48c135a2d894010086e933cbd58.jpg,IMGjpgrfafadcadecbdjpg
IMG20230505114351_jpg.rf.40e091a14b3461c7a93ce78ba0f71f89.jpg,IMGjpgrfeabcacebaffjpg
IMG20230505114351_jpg.rf.867198de7215cbb8ea66ad1fd619c7a5.jpg,IMGjpgrfdecbbeaadfdcajpg
IMG20230505114351_jpg.rf.f40eba6544dcc8a64d79c4a800a8fe93.jpg,IMGjpgrffebadccadcaafejpg
IMG20230505114400_jpg.rf.4c882170441f09ab18e667fbb196ee66.jpg,IMGjpgrfcfabefbbeejpg
IMG20230505114400_jpg.rf.857e2720980082b5494c95952a08b720.jpg,IMGjpgrfebcabjpg
IMG20230505114400_jpg.rf.8c06b64bb69acbe3d832a48f379bab8e.jpg,IMGjpgrfcbbbacbedafbabejpg
IMG20230505114415_jpg.rf.4f9509a3b151953cc7df32a50427480a.jpg,IMGjpgrffabccdfaajpg
IMG20230505114415_jpg.rf.daa66f561aba752d9d382fb758998acb.jpg,IMGjpgrfdaafabaddfbacbjpg
IMG20230505114415_jpg.rf.fe02152779b2584225dbfcc579c1762f.jpg,IMGjpgrffebdbfcccfjpg
IMG20230505114417_jpg.rf.21ec8bb1cca8538d5a1550b2cfb9da6a.jpg,IMGjpgrfecbbccadabcfbdaajpg
IMG20230505114417_jpg.rf.2e43556500c82a0afe9e8edeeb6f8d9d.jpg,IMGjpgrfecaafeeedeebfddjpg
IMG20230505114417_jpg.rf.6874a70423af831e83e1f5f35dd5dfd5.jpg,IMGjpgrfaafeeffdddfdjpg
IMG20230505114421_jpg.rf.544f28166f0bc4e3aa3858e11f991744.jpg,IMGjpgrfffbceaaefjpg
IMG20230505114421_jpg.rf.b6231b4241cf26e664b84953c5d50e2d.jpg,IMGjpgrfbbcfebcdedjpg
IMG20230505114421_jpg.rf.f45d8866ad25a3478dbfdab72ac00f31.jpg,IMGjpgrffdadadbfdabacfjpg
IMG20230505114430_jpg.rf.7927e675a422237478be128de2435337.jpg,IMGjpgrfeabedejpg
IMG20230505114430_jpg.rf.c03b0bd9274b2b93c409d928b4c63a0b.jpg,IMGjpgrfcbbdbbcdbcabjpg
IMG20230505114430_jpg.rf.d2ab9e04b251a7f21805a782ddcd7ee4.jpg,IMGjpgrfdabebafaddcdeejpg
IMG20230505114435_jpg.rf.35b564bc026cd1482bc74f3d6cec6676.jpg,IMGjpgrfbbccdbcfdcecjpg
IMG20230505114435_jpg.rf.5f7c5a153f8ee3c9d9ede60bcf54f718.jpg,IMGjpgrffcafeecdedebcffjpg
IMG20230505114435_jpg.rf.d63e08549a36747050984e97f7bca51f.jpg,IMGjpgrfdeaefbcafjpg
IMG20230505114448_jpg.rf.1023e23f9437de5729ad07812957cb60.jpg,IMGjpgrfefdeadcbjpg
IMG20230505114448_jpg.rf.2c789dcef92e5f526a2d1ab2ad3b00af.jpg,IMGjpgrfcdcefefadabadbafjpg
IMG20230505114448_jpg.rf.2fb64f1862c8e10e9889f5bba7aa36c9.jpg,IMGjpgrffbfceefbbaaacjpg
IMG20230505114455_jpg.rf.3521816a15f2cdbed3f2871035fc37c9.jpg,IMGjpgrfafcdbedffccjpg
IMG20230505114455_jpg.rf.4c212261c8d36f75ffc03d6168ab93fa.jpg,IMGjpgrfccdfffcdabfajpg
IMG20230505114455_jpg.rf.ffd3fbffeb5fbf47daa9cac0b0014924.jpg,IMGjpgrfffdfbffebfbfdaacacbjpg
IMG20230505114458_jpg.rf.39d53c5196b6c0d6e2975f47be98292b.jpg,IMGjpgrfdcbcdefbebjpg
IMG20230505114458_jpg.rf.cd6a3593c37b1c368a6d146744a9fdc1.jpg,IMGjpgrfcdacbcadafdcjpg
IMG20230505114458_jpg.rf.e6d578793c75a736343437e9ec601c41.jpg,IMGjpgrfedcaeeccjpg
IMG20230505114506_jpg.rf.8d1387186b67a01096bbb3ddc180f6c3.jpg,IMGjpgrfdbabbbddcfcjpg
IMG20230505114506_jpg.rf.c4b3e58fc24ba99dca71ccdc3f1acb70.jpg,IMGjpgrfcbefcbadcaccdcfacbjpg
IMG20230505114506_jpg.rf.d69a3ab344e733bdf2683a06740b2e10.jpg,IMGjpgrfdaabebdfabejpg
IMG20230505114508_jpg.rf.08313ffcc86bae2ad6698e14213326f2.jpg,IMGjpgrfffccbaeadefjpg
IMG20230505114508_jpg.rf.89e1811b9a6bca5adfb9debd7992302c.jpg,IMGjpgrfebabcaadfbdebdcjpg
IMG20230505114508_jpg.rf.a1717e90dd43c2d79d90cbc5a4a43225.jpg,IMGjpgrfaeddcddcbcaajpg
IMG20230505114514_jpg.rf.38cb883f45ad7a93181e47f3c9107b7b.jpg,IMGjpgrfcbfadaefcbbjpg
IMG20230505114514_jpg.rf.7f33826c29c90b2a4995923d32e74cde.jpg,IMGjpgrffccbadecdejpg
IMG20230505114514_jpg.rf.de8c79a84a624b947b712f55761be311.jpg,IMGjpgrfdecaabbfbejpg
IMG20230505114518_jpg.rf.4abdf7677e8033344908057595fd3f60.jpg,IMGjpgrfabdfefdfjpg
IMG20230505114518_jpg.rf.98f2c8f1da63214da66ae1b5ff7c288c.jpg,IMGjpgrffcfdadaaebffccjpg
IMG20230505114518_jpg.rf.f5ecd779283fe6f1154e74579275b34f.jpg,IMGjpgrffecdfefebfjpg
IMG20230505114522_jpg.rf.365216405860c19ad314b2bad21d55f9.jpg,IMGjpgrfcadbbaddfjpg
IMG20230505114522_jpg.rf.6aaeeaca24cbf1a0c0600ba9bacc2367.jpg,IMGjpgrfaaeeacacbfacbabaccjpg
IMG20230505114549_jpg.rf.1d95b1918a84c86333b7041284d2ae32.jpg,IMGjpgrfdbacbdaejpg
IMG20230505114549_jpg.rf.559c434f45325d921cc2c8e8f8a46558.jpg,IMGjpgrfcfdcccefajpg
IMG20230505114549_jpg.rf.d61cf529d34e68d58778f17365c69605.jpg,IMGjpgrfdcfdedfcjpg
IMG20230505114551_jpg.rf.6f3ae7f0e8874697052ffa1ecb1c3dc9.jpg,IMGjpgrffaefeffaecbcdcjpg
IMG20230505114551_jpg.rf.b096ac60bdaebd9c38097e58dc1686e7.jpg,IMGjpgrfbacbdaebdcedcejpg
IMG20230505114551_jpg.rf.bc202c1a6e26c4349495f0562ca405f4.jpg,IMGjpgrfbccaecfcafjpg
IMG20230505114552_jpg.rf.30eafbfb9b65808cca9d2f46897bd941.jpg,IMGjpgrfeafbfbbccadfbdjpg
IMG20230505114552_jpg.rf.4bdeb8bc12980fd131cc1b6d36c3a5e6.jpg,IMGjpgrfbdebbcfdccbdcaejpg
IMG20230505114552_jpg.rf.e9edb8dd4447b79bd04ad81a5169f9d0.jpg,IMGjpgrfeedbddbbdadafdjpg
IMG20230505114554_jpg.rf.52a5ad3882f3a6c8338b2d283cacf852.jpg,IMGjpgrfaadfacbdcacfjpg
IMG20230505114554_jpg.rf.991a8b559048cad5172d69395d8b2b97.jpg,IMGjpgrfabcadddbbjpg
IMG20230505114554_jpg.rf.fcfc99c456bc2b5c3c85a9e27f45d331.jpg,IMGjpgrffcfccbcbccaefdjpg
IMG20230505114606_jpg.rf.219a47b3bb2c7b9cb61d45cb9030a953.jpg,IMGjpgrfabbbcbcbdcbajpg
IMG20230505114606_jpg.rf.2d0910c5a0cf38acd7962945d0f93dcb.jpg,IMGjpgrfdcacfacddfdcbjpg
IMG20230505114606_jpg.rf.b545d5098113457be598822e28cb3de6.jpg,IMGjpgrfbdbeecbdejpg
IMG20230505114616_jpg.rf.03dbbb9e3e10783b2bed9a07c7b29dd2.jpg,IMGjpgrfdbbbeebbedacbddjpg
IMG20230505114616_jpg.rf.1526cabdbb3021a4cd0f4e2304c58bb1.jpg,IMGjpgrfcabdbbacdfecbbjpg
IMG20230505114616_jpg.rf.959543af6a806e9ac223958e5d32a205.jpg,IMGjpgrfafaeacedajpg
IMG20230505114636_jpg.rf.55ab42fd4574cadea720f763b36a2354.jpg,IMGjpgrfabfdcadeafbajpg
IMG20230505114636_jpg.rf.ab108b8115ba1338d309e1fc0e6a8d74.jpg,IMGjpgrfabbbadefceadjpg
IMG20230505114636_jpg.rf.ac1b47b238ee96900a29a2b89e9f3390.jpg,IMGjpgrfacbbeeaabefjpg
IMG20230505114657_jpg.rf.311c23f8fe978c4f4c3c3436288693da.jpg,IMGjpgrfcffecfccdajpg
IMG20230505114657_jpg.rf.3b507ff226e94dd3480dbd2e0af35f59.jpg,IMGjpgrfbffedddbdeaffjpg
IMG20230505114657_jpg.rf.f8b60c90474e9cf23b9d33ef147dba54.jpg,IMGjpgrffbcecfbdefdbajpg
IMG20230505114721_jpg.rf.7a17c69bd4f4c3fde3d4ee10f1ec117b.jpg,IMGjpgrfacbdfcfdedeefecbjpg
IMG20230505114721_jpg.rf.aadfffc2237b9b6eebfac0f8dc217339.jpg,IMGjpgrfaadfffcbbeebfacfdcjpg
IMG20230505114721_jpg.rf.cc4d13e8a4db23eff0a6ed4135881162.jpg,IMGjpgrfccdeadbeffaedjpg
IMG20230505114739_jpg.rf.0126c962d47e002685d5fc53748498bc.jpg,IMGjpgrfcdedfcbcjpg
IMG20230505114739_jpg.rf.446d65a964643bca7d115e592d847b4c.jpg,IMGjpgrfdabcadedbcjpg
IMG20230505114739_jpg.rf.84bf5ac44780c897657cdd42df402afe.jpg,IMGjpgrfbfacccdddfafejpg
IMG20230505114756_jpg.rf.43750d1fc620d72cc4df5a49a28a76f6.jpg,IMGjpgrfdfcdccdfaaafjpg
IMG20230505114756_jpg.rf.89f2450d2f6e805a33a7ee7cb137fb76.jpg,IMGjpgrffdfeaaeecbfbjpg
IMG20230505114756_jpg.rf.d7f7168eb6aeea27430e36179ea46a6e.jpg,IMGjpgrfdfebaeeaeeaaejpg
IMG20230505114758_jpg.rf.1c4167342bd3abecb0b3d7b7fe1a3ba5.jpg,IMGjpgrfcbdabecbbdbfeabajpg
IMG20230505114758_jpg.rf.de1fe48d684f8e468d7dbe5505951088.jpg,IMGjpgrfdefedfeddbejpg
IMG20230505114758_jpg.rf.f8c4453070759955ed456349908ab019.jpg,IMGjpgrffcedabjpg
IMG_4751_JPG.rf.4b04748e47de7a5e4d189fd441cf304e.jpg,IMGJPGrfbedeaedfdcfejpg
IMG_4751_JPG.rf.5fca8a32604d71cfaa01b752b2c384b4.jpg,IMGJPGrffcaadcfaabbcbjpg
IMG_4751_JPG.rf.691217995fbece422c22e69e2eb2b3d2.jpg,IMGJPGrffbececeeebbdjpg
IMG_4766_JPG.rf.65d2bd11da970f83f69b87935464d319.jpg,IMGJPGrfdbddaffbdjpg
IMG_4766_JPG.rf.a5cf867b637b92e6809780b857ca617b.jpg,IMGJPGrfacfbbebcabjpg
IMG_4766_JPG.rf.e42119e1d5393bf739e7ba829adae19a.jpg,IMGJPGrfeedbfebaadaeajpg
IMG_4779_JPG.rf.55d0088ca06b8c8b97d5c04530a77738.jpg,IMGJPGrfdcabcbdcajpg
IMG_4779_JPG.rf.915530a83896162a651a9338f0e69cd8.jpg,IMGJPGrfaaafecdjpg
IMG_4779_JPG.rf.9382612e05355e1fc79422d34830d783.jpg,IMGJPGrfeefcddjpg
IMG_4805_JPG.rf.391cb531f3521f860435277fd87a967b.jpg,IMGJPGrfcbfffdabjpg
IMG_4805_JPG.rf.b108c18a3dd5207f0d580cb53679eb82.jpg,IMGJPGrfbcaddfdcbebjpg
IMG_4805_JPG.rf.cc34300d7cad6f00f3740ab703b4e84f.jpg,IMGJPGrfccdcadffabbefjpg
IMG_4850_JPG.rf.2c1eda0833d639758636d50d4bcb86f4.jpg,IMGJPGrfcedadddbcbfjpg
IMG_4850_JPG.rf.500aececf77b7ddda935975478ea1714.jpg,IMGJPGrfaececfbdddaeajpg
IMG_4850_JPG.rf.c8155b67478bd19a453f924c0c57a36d.jpg,IMGJPGrfcbbdafccadjpg
IMG_4854_JPG.rf.175eb173790e18fb1c6a86f1cee93a34.jpg,IMGJPGrfebefbcafceeajpg
IMG_4854_JPG.rf.735b0cadfda7d1850bf3d7a7be1b2dca.jpg,IMGJPGrfbcadfdadbfdabebdcajpg
IMG_4854_JPG.rf.d6223b3340109814cd871be98020f5e2.jpg,IMGJPGrfdbcdbefejpg
IMG_4869_JPG.rf.01de88f47861c8e66cf2b32c6d7971bd.jpg,IMGJPGrfdefcecfbcdbdjpg
IMG_4869_JPG.rf.3faa5e3a8260a67b5fdce526d13dbace.jpg,IMGJPGrffaaeaabfdceddbacejpg
IMG_4869_JPG.rf.8752f37928faaddd243e0d52f92f90d4.jpg,IMGJPGrfffaadddedffdjpg
IMG_4903_JPG.rf.2e2789a6d8942e1684acf77323be7aee.jpg,IMGJPGrfeadeacfbeaeejpg
IMG_4903_JPG.rf.6166c9c1298e805bfde1d272f7ecdfcb.jpg,IMGJPGrfccebfdedfecdfcbjpg
IMG_4903_JPG.rf.d502daed172227524c68e76f13769e4a.jpg,IMGJPGrfddaedcefeajpg
IMG_4950_JPG.rf.14bda41cbeee8a8ea2573d0de7da51aa.jpg,IMGJPGrfbdacbeeeaeaddedaaajpg
IMG_4950_JPG.rf.207dce57f24a37733d5b75ab572bc645.jpg,IMGJPGrfdcefadbabbcjpg
IMG_4950_JPG.rf.cfcec410b9568f134a9e1c496e85b80d.jpg,IMGJPGrfcfcecbfaecebdjpg
IMG_4956_JPG.rf.98c684076d9ee29b4c8e772ee38c2895.jpg,IMGJPGrfcdeebceeecjpg
IMG_4956_JPG.rf.ad35d7e6347c78833abef8ce9b6ab356.jpg,IMGJPGrfaddecabefcebabjpg
IMG_4956_JPG.rf.d57cac66a0cc3170134ef9211d2a1b84.jpg,IMGJPGrfdcacaccefdabjpg
IMG_4961_JPG.rf.4a857f77ff9baf9f5e081cb35db80ef3.jpg,IMGJPGrfafffbaffecbdbefjpg
IMG_4961_JPG.rf.afa1e799ad0e22da93df4d205edf7638.jpg,IMGJPGrfafaeadedadfdedfjpg
IMG_4961_JPG.rf.b9bf95e79197142603017fd1a28d7efc.jpg,IMGJPGrfbbfefdadefcjpg
IMG_6838-2_jpg.rf.5d22bc98f47ffe7000cc74983ff167aa.jpg,IMGjpgrfdbcfffeccffaajpg
IMG_6838-2_jpg.rf.90e97fdeeb8872ee907aeef90c0d40d0.jpg,IMGjpgrfefdeebeeaeefcddjpg
IMG_6838-2_jpg.rf.afad8d174d65300b04542cfe197cd5d1.jpg,IMGjpgrfafadddbcfecddjpg
